Workbook

Sheet Price List
A1: Regular Price List-Winter'2026
A2: w.e.f 03.06.2026
A4: Serial No. | B4: Quality No. | C4: Shades | D4: Delivery | E4: INR Per Mtr.*
E5: Ex-Mill | F5: W/S | G5: Retail
A6: Woolrite (AI)
A7: 1 | B7: AI-1-2-209-0100100 | C7: 1,2,3,4,5,6,7,9,10,11,12,13,14,15,16 | D7: June | E7: 1799 | F7: 2375 | G7: -
A8: 2 | B8: AI-1-2-209-0100101 | C8: 1,2,3,4,5,6,7,8, | D8: June | E8: 1799 | F8: 2375 | G8: -
A9: 3 | B9: AI-1-2-209-0100102 | C9: 1,2,3 | D9: June | E9: 1799 | F9: 2375 | G9: -
A10: 4 | B10: AI-1-2-209-0100105 | C10: 1 | D10: September | E10: 1799 | F10: 2375 | G10: -
A11: 5 | B11: AI-1-2-209-0100107 | C11: 1,3,6,7, | D11: September | E11: 1799 | F11: 2375 | G11: -
A12: 6 | B12: AI-1-2-209-0100108 | C12: 1,2,3,4, | D12: September | E12: 1799 | F12: 2375 | G12: -
A13: Ambassador White (AMB)
A14: 1 | B14: AMB-1-1-999-0055101 | C14: 0A1 | D14: October | E14: 999 | F14: 1319 | G14: 1888
A15: 2 | B15: AMB-1-1-999-0055102 | C15: 0A1 | D15: October | E15: 999 | F15: 1319 | G15: 1888
A16: 3 | B16: AMB-1-1-999-0055103 | C16: 0A1 | D16: October | E16: 999 | F16: 1319 | G16: 1888
A17: 4 | B17: AMB-1-1-999-0055104 | C17: 0A1 | D17: October | E17: 999 | F17: 1319 | G17: 1888
A18: Aristo (ARO)
A19: 1 | B19: ARO-1-1-105-0041000 | C19: 1,2,3,4,5,7,11,12,14,16,17,18,19,20,21,22,23,24,26,27,29,30,31,32,33,34,35,36,37,38,40,41,42,45,46,47,49,50,51,52,55,58,59,61,68,69,70,71,72,73,74,75,76,77,78,79,80,81,82,83,84,85,86,87,88,89,90,91, | D19: June | E19: 1299 | F19: 1728 | G19: -
A20: 2 | B20: ARO-1-1-105-0041001 | C20: 1,2, | D20: June | E20: 1399 | F20: 1861 | G20: -
A21: 3 | B21: ARO-1-1-105-0041006 | C21: 2,4 | D21: June | E21: 1399 | F21: 1861 | G21: -
A22: 4 | B22: ARO-1-1-105-0041009 | C22: 1,2,3,4,5,6,7,8, | D22: July | E22: 1399 | F22: 1861 | G22: -
A23: 5 | B23: ARO-1-1-105-0041017 | C23: 1,2,3 | D23: June | E23: 1399 | F23: 1861 | G23: -
A24: 6 | B24: ARO-1-1-105-0041019 | C24: 1,2, | D24: June | E24: 1399 | F24: 1861 | G24: -
A25: 7 | B25: ARO-1-1-105-0041022 | C25: 1 | D25: June | E25: 1399 | F25: 1861 | G25: -
A26: 8 | B26: ARO-1-1-105-0041023 | C26: 2 | D26: June | E26: 1399 | F26: 1861 | G26: -
A27: 9 | B27: ARO-1-1-105-0041024 | C27: 1,2,3,4,5,6,7,8,9,10 | D27: June | E27: 1399 | F27: 1861 | G27: -
A28: 10 | B28: ARO-1-1-105-0041026 | C28: 1,2,3,5,6,7,9,10,11,12,14,15,16,17,18,19,0W1 | D28: July | E28: 1399 | F28: 1861 | G28: -
A29: 11 | B29: ARO-1-1-105-0041027 | C29: 1,2,4,5, | D29: July | E29: 1399 | F29: 1861 | G29: -
A30: 12 | B30: ARO-1-1-105-0041030 | C30: 1,2,3,4,5,6,7,8,9,10,11,12,13,14,15,16,17 | D30: July | E30: 1375 | F30: 1829 | G30: -
... A56: 38 | B56: ARO-1-1-105-0041064 | C56: 2,3,4 | D56: October | E56: 1399 | F56: 1861 | G56: -
A58: Page 1 of 19

Sheet Checks
A1: Self-checks on the transcription (formulas read the 'Price List' sheet)
A2: Rule: W/S is about 1.32 to 1.33 times Ex-Mill on every printed row. Flag range used: 1.30 to 1.35 (my assumption).
A3: Check | B3: Result | C3: Expected (typed by me)
A4: Rows transcribed | B4: =COUNTA(B13:B60) -> 48 | C4: 48
A5: Rows flagged CHECK (ratio) | B5: =COUNTIF(F13:F60,"CHECK") -> 0 | C5: 0
A6: Rows flagged CHECK (Retail) | B6: =COUNTIF(G13:G60,"CHECK") -> 0 | C6: 0
A7: Woolrite (AI) rows | B7: =COUNTIF(A13:A60,"Woolrite (AI)") -> 6 | C7: 6
A8: Ambassador White (AMB) rows | B8: =COUNTIF(A13:A60,"Ambassador White (AMB)") -> 4 | C8: 4
A9: Aristo (ARO) rows | B9: =COUNTIF(A13:A60,"Aristo (ARO)") -> 38 | C9: 38
A10: Shade values in ARO-1-1-105-0041000 | B10: =INDEX(H13:H60,MATCH("ARO-1-1-105-0041000",B13:B60,0)) -> 68 | C10: 68
A12: Collection | B12: Quality No. | C12: Ex-Mill | D12: W/S | E12: W/S / Ex-Mill | F12: Ratio check | G12: Retail > W/S | H12: Shade values
A13: Woolrite (AI) | B13: ='Price List'!B7 -> AI-1-2-209-0100100 | C13: ='Price List'!E7 -> 1799 | D13: ='Price List'!F7 -> 2375 | E13: =IFERROR(D13/C13,"") -> 1.3201779 | F13: =IF(E13="","CHECK",IF(AND(E13>=1.3,E13<=1.35),"OK","CHECK")) -> OK | G13: =IF(ISNUMBER('Price List'!G7),IF('Price List'!G7>'Price List'!F7,"OK","CHECK"),"n/a") -> n/a | H13: =LEN('Price List'!C7)-LEN(SUBSTITUTE('Price List'!C7,",",""))+IF(RIGHT('Price List'!C7,1)=",",0,1) -> 15
A14: Woolrite (AI) | B14: ='Price List'!B8 -> AI-1-2-209-0100101 | C14: ='Price List'!E8 -> 1799 | D14: ='Price List'!F8 -> 2375 | E14: =IFERROR(D14/C14,"") -> 1.3201779 | F14: =IF(E14="","CHECK",IF(AND(E14>=1.3,E14<=1.35),"OK","CHECK")) -> OK | G14: =IF(ISNUMBER('Price List'!G8),IF('Price List'!G8>'Price List'!F8,"OK","CHECK"),"n/a") -> n/a | H14: =LEN('Price List'!C8)-LEN(SUBSTITUTE('Price List'!C8,",",""))+IF(RIGHT('Price List'!C8,1)=",",0,1) -> 8
A15: Woolrite (AI) | B15: ='Price List'!B9 -> AI-1-2-209-0100102 | C15: ='Price List'!E9 -> 1799 | D15: ='Price List'!F9 -> 2375 | E15: =IFERROR(D15/C15,"") -> 1.3201779 | F15: =IF(E15="","CHECK",IF(AND(E15>=1.3,E15<=1.35),"OK","CHECK")) -> OK | G15: =IF(ISNUMBER('Price List'!G9),IF('Price List'!G9>'Price List'!F9,"OK","CHECK"),"n/a") -> n/a | H15: =LEN('Price List'!C9)-LEN(SUBSTITUTE('Price List'!C9,",",""))+IF(RIGHT('Price List'!C9,1)=",",0,1) -> 3
A16: Woolrite (AI) | B16: ='Price List'!B10 -> AI-1-2-209-0100105 | C16: ='Price List'!E10 -> 1799 | D16: ='Price List'!F10 -> 2375 | E16: =IFERROR(D16/C16,"") -> 1.3201779 | F16: =IF(E16="","CHECK",IF(AND(E16>=1.3,E16<=1.35),"OK","CHECK")) -> OK | G16: =IF(ISNUMBER('Price List'!G10),IF('Price List'!G10>'Price List'!F10,"OK","CHECK"),"n/a") -> n/a | H16: =LEN('Price List'!C10)-LEN(SUBSTITUTE('Price List'!C10,",",""))+IF(RIGHT('Price List'!C10,1)=",",0,1) -> 1
A17: Woolrite (AI) | B17: ='Price List'!B11 -> AI-1-2-209-0100107 | C17: ='Price List'!E11 -> 1799 | D17: ='Price List'!F11 -> 2375 | E17: =IFERROR(D17/C17,"") -> 1.3201779 | F17: =IF(E17="","CHECK",IF(AND(E17>=1.3,E17<=1.35),"OK","CHECK")) -> OK | G17: =IF(ISNUMBER('Price List'!G11),IF('Price List'!G11>'Price List'!F11,"OK","CHECK"),"n/a") -> n/a | H17: =LEN('Price List'!C11)-LEN(SUBSTITUTE('Price List'!C11,",",""))+IF(RIGHT('Price List'!C11,1)=",",0,1) -> 4
A18: Woolrite (AI) | B18: ='Price List'!B12 -> AI-1-2-209-0100108 | C18: ='Price List'!E12 -> 1799 | D18: ='Price List'!F12 -> 2375 | E18: =IFERROR(D18/C18,"") -> 1.3201779 | F18: =IF(E18="","CHECK",IF(AND(E18>=1.3,E18<=1.35),"OK","CHECK")) -> OK | G18: =IF(ISNUMBER('Price List'!G12),IF('Price List'!G12>'Price List'!F12,"OK","CHECK"),"n/a") -> n/a | H18: =LEN('Price List'!C12)-LEN(SUBSTITUTE('Price List'!C12,",",""))+IF(RIGHT('Price List'!C12,1)=",",0,1) -> 4
A19: Ambassador White (AMB) | B19: ='Price List'!B14 -> AMB-1-1-999-0055101 | C19: ='Price List'!E14 -> 999 | D19: ='Price List'!F14 -> 1319 | E19: =IFERROR(D19/C19,"") -> 1.3203203 | F19: =IF(E19="","CHECK",IF(AND(E19>=1.3,E19<=1.35),"OK","CHECK")) -> OK | G19: =IF(ISNUMBER('Price List'!G14),IF('Price List'!G14>'Price List'!F14,"OK","CHECK"),"n/a") -> OK | H19: =LEN('Price List'!C14)-LEN(SUBSTITUTE('Price List'!C14,",",""))+IF(RIGHT('Price List'!C14,1)=",",0,1) -> 1
A20: Ambassador White (AMB) | B20: ='Price List'!B15 -> AMB-1-1-999-0055102 | C20: ='Price List'!E15 -> 999 | D20: ='Price List'!F15 -> 1319 | E20: =IFERROR(D20/C20,"") -> 1.3203203 | F20: =IF(E20="","CHECK",IF(AND(E20>=1.3,E20<=1.35),"OK","CHECK")) -> OK | G20: =IF(ISNUMBER('Price List'!G15),IF('Price List'!G15>'Price List'!F15,"OK","CHECK"),"n/a") -> OK | H20: =LEN('Price List'!C15)-LEN(SUBSTITUTE('Price List'!C15,",",""))+IF(RIGHT('Price List'!C15,1)=",",0,1) -> 1
A21: Ambassador White (AMB) | B21: ='Price List'!B16 -> AMB-1-1-999-0055103 | C21: ='Price List'!E16 -> 999 | D21: ='Price List'!F16 -> 1319 | E21: =IFERROR(D21/C21,"") -> 1.3203203 | F21: =IF(E21="","CHECK",IF(AND(E21>=1.3,E21<=1.35),"OK","CHECK")) -> OK | G21: =IF(ISNUMBER('Price List'!G16),IF('Price List'!G16>'Price List'!F16,"OK","CHECK"),"n/a") -> OK | H21: =LEN('Price List'!C16)-LEN(SUBSTITUTE('Price List'!C16,",",""))+IF(RIGHT('Price List'!C16,1)=",",0,1) -> 1
A22: Ambassador White (AMB) | B22: ='Price List'!B17 -> AMB-1-1-999-0055104 | C22: ='Price List'!E17 -> 999 | D22: ='Price List'!F17 -> 1319 | E22: =IFERROR(D22/C22,"") -> 1.3203203 | F22: =IF(E22="","CHECK",IF(AND(E22>=1.3,E22<=1.35),"OK","CHECK")) -> OK | G22: =IF(ISNUMBER('Price List'!G17),IF('Price List'!G17>'Price List'!F17,"OK","CHECK"),"n/a") -> OK | H22: =LEN('Price List'!C17)-LEN(SUBSTITUTE('Price List'!C17,",",""))+IF(RIGHT('Price List'!C17,1)=",",0,1) -> 1
A23: Aristo (ARO) | B23: ='Price List'!B19 -> ARO-1-1-105-0041000 | C23: ='Price List'!E19 -> 1299 | D23: ='Price List'!F19 -> 1728 | E23: =IFERROR(D23/C23,"") -> 1.330254 | F23: =IF(E23="","CHECK",IF(AND(E23>=1.3,E23<=1.35),"OK","CHECK")) -> OK | G23: =IF(ISNUMBER('Price List'!G19),IF('Price List'!G19>'Price List'!F19,"OK","CHECK"),"n/a") -> n/a | H23: =LEN('Price List'!C19)-LEN(SUBSTITUTE('Price List'!C19,",",""))+IF(RIGHT('Price List'!C19,1)=",",0,1) -> 68
A24: Aristo (ARO) | B24: ='Price List'!B20 -> ARO-1-1-105-0041001 | C24: ='Price List'!E20 -> 1399 | D24: ='Price List'!F20 -> 1861 | E24: =IFERROR(D24/C24,"") -> 1.3302359 | F24: =IF(E24="","CHECK",IF(AND(E24>=1.3,E24<=1.35),"OK","CHECK")) -> OK | G24: =IF(ISNUMBER('Price List'!G20),IF('Price List'!G20>'Price List'!F20,"OK","CHECK"),"n/a") -> n/a | H24: =LEN('Price List'!C20)-LEN(SUBSTITUTE('Price List'!C20,",",""))+IF(RIGHT('Price List'!C20,1)=",",0,1) -> 2
A25: Aristo (ARO) | B25: ='Price List'!B21 -> ARO-1-1-105-0041006 | C25: ='Price List'!E21 -> 1399 | D25: ='Price List'!F21 -> 1861 | E25: =IFERROR(D25/C25,"") -> 1.3302359 | F25: =IF(E25="","CHECK",IF(AND(E25>=1.3,E25<=1.35),"OK","CHECK")) -> OK | G25: =IF(ISNUMBER('Price List'!G21),IF('Price List'!G21>'Price List'!F21,"OK","CHECK"),"n/a") -> n/a | H25: =LEN('Price List'!C21)-LEN(SUBSTITUTE('Price List'!C21,",",""))+IF(RIGHT('Price List'!C21,1)=",",0,1) -> 2
A26: Aristo (ARO) | B26: ='Price List'!B22 -> ARO-1-1-105-0041009 | C26: ='Price List'!E22 -> 1399 | D26: ='Price List'!F22 -> 1861 | E26: =IFERROR(D26/C26,"") -> 1.3302359 | F26: =IF(E26="","CHECK",IF(AND(E26>=1.3,E26<=1.35),"OK","CHECK")) -> OK | G26: =IF(ISNUMBER('Price List'!G22),IF('Price List'!G22>'Price List'!F22,"OK","CHECK"),"n/a") -> n/a | H26: =LEN('Price List'!C22)-LEN(SUBSTITUTE('Price List'!C22,",",""))+IF(RIGHT('Price List'!C22,1)=",",0,1) -> 8
A27: Aristo (ARO) | B27: ='Price List'!B23 -> ARO-1-1-105-0041017 | C27: ='Price List'!E23 -> 1399 | D27: ='Price List'!F23 -> 1861 | E27: =IFERROR(D27/C27,"") -> 1.3302359 | F27: =IF(E27="","CHECK",IF(AND(E27>=1.3,E27<=1.35),"OK","CHECK")) -> OK | G27: =IF(ISNUMBER('Price List'!G23),IF('Price List'!G23>'Price List'!F23,"OK","CHECK"),"n/a") -> n/a | H27: =LEN('Price List'!C23)-LEN(SUBSTITUTE('Price List'!C23,",",""))+IF(RIGHT('Price List'!C23,1)=",",0,1) -> 3
A28: Aristo (ARO) | B28: ='Price List'!B24 -> ARO-1-1-105-0041019 | C28: ='Price List'!E24 -> 1399 | D28: ='Price List'!F24 -> 1861 | E28: =IFERROR(D28/C28,"") -> 1.3302359 | F28: =IF(E28="","CHECK",IF(AND(E28>=1.3,E28<=1.35),"OK","CHECK")) -> OK | G28: =IF(ISNUMBER('Price List'!G24),IF('Price List'!G24>'Price List'!F24,"OK","CHECK"),"n/a") -> n/a | H28: =LEN('Price List'!C24)-LEN(SUBSTITUTE('Price List'!C24,",",""))+IF(RIGHT('Price List'!C24,1)=",",0,1) -> 2
A29: Aristo (ARO) | B29: ='Price List'!B25 -> ARO-1-1-105-0041022 | C29: ='Price List'!E25 -> 1399 | D29: ='Price List'!F25 -> 1861 | E29: =IFERROR(D29/C29,"") -> 1.3302359 | F29: =IF(E29="","CHECK",IF(AND(E29>=1.3,E29<=1.35),"OK","CHECK")) -> OK | G29: =IF(ISNUMBER('Price List'!G25),IF('Price List'!G25>'Price List'!F25,"OK","CHECK"),"n/a") -> n/a | H29: =LEN('Price List'!C25)-LEN(SUBSTITUTE('Price List'!C25,",",""))+IF(RIGHT('Price List'!C25,1)=",",0,1) -> 1
A30: Aristo (ARO) | B30: ='Price List'!B26 -> ARO-1-1-105-0041023 | C30: ='Price List'!E26 -> 1399 | D30: ='Price List'!F26 -> 1861 | E30: =IFERROR(D30/C30,"") -> 1.3302359 | F30: =IF(E30="","CHECK",IF(AND(E30>=1.3,E30<=1.35),"OK","CHECK")) -> OK | G30: =IF(ISNUMBER('Price List'!G26),IF('Price List'!G26>'Price List'!F26,"OK","CHECK"),"n/a") -> n/a | H30: =LEN('Price List'!C26)-LEN(SUBSTITUTE('Price List'!C26,",",""))+IF(RIGHT('Price List'!C26,1)=",",0,1) -> 1
A31: Aristo (ARO) | B31: ='Price List'!B27 -> ARO-1-1-105-0041024 | C31: ='Price List'!E27 -> 1399 | D31: ='Price List'!F27 -> 1861 | E31: =IFERROR(D31/C31,"") -> 1.3302359 | F31: =IF(E31="","CHECK",IF(AND(E31>=1.3,E31<=1.35),"OK","CHECK")) -> OK | G31: =IF(ISNUMBER('Price List'!G27),IF('Price List'!G27>'Price List'!F27,"OK","CHECK"),"n/a") -> n/a | H31: =LEN('Price List'!C27)-LEN(SUBSTITUTE('Price List'!C27,",",""))+IF(RIGHT('Price List'!C27,1)=",",0,1) -> 10
A32: Aristo (ARO) | B32: ='Price List'!B28 -> ARO-1-1-105-0041026 | C32: ='Price List'!E28 -> 1399 | D32: ='Price List'!F28 -> 1861 | E32: =IFERROR(D32/C32,"") -> 1.3302359 | F32: =IF(E32="","CHECK",IF(AND(E32>=1.3,E32<=1.35),"OK","CHECK")) -> OK | G32: =IF(ISNUMBER('Price List'!G28),IF('Price List'!G28>'Price List'!F28,"OK","CHECK"),"n/a") -> n/a | H32: =LEN('Price List'!C28)-LEN(SUBSTITUTE('Price List'!C28,",",""))+IF(RIGHT('Price List'!C28,1)=",",0,1) -> 17
A33: Aristo (ARO) | B33: ='Price List'!B29 -> ARO-1-1-105-0041027 | C33: ='Price List'!E29 -> 1399 | D33: ='Price List'!F29 -> 1861 | E33: =IFERROR(D33/C33,"") -> 1.3302359 | F33: =IF(E33="","CHECK",IF(AND(E33>=1.3,E33<=1.35),"OK","CHECK")) -> OK | G33: =IF(ISNUMBER('Price List'!G29),IF('Price List'!G29>'Price List'!F29,"OK","CHECK"),"n/a") -> n/a | H33: =LEN('Price List'!C29)-LEN(SUBSTITUTE('Price List'!C29,",",""))+IF(RIGHT('Price List'!C29,1)=",",0,1) -> 4
A34: Aristo (ARO) | B34: ='Price List'!B30 -> ARO-1-1-105-0041030 | C34: ='Price List'!E30 -> 1375 | D34: ='Price List'!F30 -> 1829 | E34: =IFERROR(D34/C34,"") -> 1.3301818 | F34: =IF(E34="","CHECK",IF(AND(E34>=1.3,E34<=1.35),"OK","CHECK")) -> OK | G34: =IF(ISNUMBER('Price List'!G30),IF('Price List'!G30>'Price List'!F30,"OK","CHECK"),"n/a") -> n/a | H34: =LEN('Price List'!C30)-LEN(SUBSTITUTE('Price List'!C30,",",""))+IF(RIGHT('Price List'!C30,1)=",",0,1) -> 17
... A60: Aristo (ARO) | B60: ='Price List'!B56 -> ARO-1-1-105-0041064 | C60: ='Price List'!E56 -> 1399 | D60: ='Price List'!F56 -> 1861 | E60: =IFERROR(D60/C60,"") -> 1.3302359 | F60: =IF(E60="","CHECK",IF(AND(E60>=1.3,E60<=1.35),"OK","CHECK")) -> OK | G60: =IF(ISNUMBER('Price List'!G56),IF('Price List'!G56>'Price List'!F56,"OK","CHECK"),"n/a") -> n/a | H60: =LEN('Price List'!C56)-LEN(SUBSTITUTE('Price List'!C56,",",""))+IF(RIGHT('Price List'!C56,1)=",",0,1) -> 3

Sheet Read me
A1: Transcription of the OCM price list, page 1 of 19
A2: Source: a PHOTO of the printed page (Regular Price List-Winter'2026, w.e.f 03.06.2026), read by Claude. This is not OCM's electronic file.
A3: Contents: 3 collections, 48 rows: Woolrite (AI) 6, Ambassador White (AMB) 4, Aristo (ARO) 38. Pages 2 to 19 are not included.
A4: The 'Price List' sheet keeps the printed layout on purpose: title lines, the two-level header (INR Per Mtr.* over Ex-Mill, W/S, Retail), collection heading rows and 'Page 1 of 19'. A dash in Retail is kept as a dash, as printed ('not given').
A5: USE: for testing the price list import. Check every price and shade against the paper before using it as real data.
A6: Please verify on paper:
A7: 1. The shade values 0A1 and 0W1: zero or letter O? Entered with a zero.
A8: 2. The delivery months of the Aristo rows. The delivery column is slightly offset in the photo, so I matched it by order and by the overlap between enlarged crops. Look closely at rows 4, 10, 24, 25 and 36.
A9: 3. The W/S price of AMB-1-1-999-0055104: a smudge looks like a minus sign; read as 1,319.
A10: 4. The long shade list of ARO-1-1-105-0041000 (68 values).
A11: 5. The quality prefix 'AI': read as capital I, not lowercase L.
A12: 6. The footnote marked * after 'INR Per Mtr.' is not visible on this page and is not recorded.
A13: The 'Checks' sheet recalculates W/S divided by Ex-Mill for every row and flags any row outside 1.30 to 1.35, which is how a misread digit would show up.
